{"cameraMode":{"drawMode":0,"name":"Shaded","section":"Shading Mode"},"sceneLighting":true,"audioPlay":false,"sceneViewState":{"showFog":true,"showMaterialUpdate":false,"showSkybox":true,"showFlares":true,"showImageEffects":true,"showParticleSystems":true,"showVisualEffectGraphs":true,"m_FxEnabled":true},"in2DMode":false,"pivot":{"x":-21.305891036987306,"y":-1.8777496814727784,"z":-3.8812003135681154},"rotation":{"x":0.16094109416007996,"y":-0.6803869605064392,"z":0.15703296661376954,"w":0.6974987983703613},"size":15.845833778381348,"orthographic":false}