{"cameraMode":{"drawMode":0,"name":"Shaded","section":"Shading Mode"},"sceneLighting":true,"audioPlay":false,"sceneViewState":{"showFog":true,"showMaterialUpdate":false,"showSkybox":true,"showFlares":true,"showImageEffects":true,"showParticleSystems":true,"showVisualEffectGraphs":true,"m_FxEnabled":true},"in2DMode":false,"pivot":{"x":-14.994794845581055,"y":7.182124614715576,"z":-13.923033714294434},"rotation":{"x":0.26972925662994387,"y":0.14406363666057588,"z":-0.040851250290870669,"w":0.9512155055999756},"size":2.3926048278808595,"orthographic":false}