{"cameraMode":{"drawMode":0,"name":"Shaded","section":"Shading Mode"},"sceneLighting":true,"audioPlay":false,"sceneViewState":{"showFog":true,"showMaterialUpdate":false,"showSkybox":true,"showFlares":true,"showImageEffects":true,"showParticleSystems":true,"showVisualEffectGraphs":true,"m_FxEnabled":true},"in2DMode":false,"pivot":{"x":-2.614487886428833,"y":2.7303106784820558,"z":-2.8324389457702638},"rotation":{"x":0.15016038715839387,"y":0.11716709285974503,"z":-0.01792556419968605,"w":0.9815280437469482},"size":2.3926048278808595,"orthographic":false}